Title,Description,Phase,Type,Status,ID,Timeline
Phase 1: Foundation & Setup,"Set up development environment, create v8 repository structure, design database schemas, set up CI/CD pipeline

Timeline: Weeks 1-2",Phase 1: Foundation & Setup,phase,pending,P1,Weeks 1-2
v8 directory structure,[P1-D1] Deliverable for Phase 1: Foundation & Setup,Phase 1: Foundation & Setup,deliverable,done,P1-D1,Weeks 1-2
Development environment setup guide,[P1-D2] Deliverable for Phase 1: Foundation & Setup,Phase 1: Foundation & Setup,deliverable,done,P1-D2,Weeks 1-2
CI/CD pipeline (GitHub Actions),[P1-D3] Deliverable for Phase 1: Foundation & Setup,Phase 1: Foundation & Setup,deliverable,done,P1-D3,Weeks 1-2
Database schema designs,[P1-D4] Deliverable for Phase 1: Foundation & Setup,Phase 1: Foundation & Setup,deliverable,pending,P1-D4,Weeks 1-2
API specifications (OpenAPI/GraphQL schema),[P1-D5] Deliverable for Phase 1: Foundation & Setup,Phase 1: Foundation & Setup,deliverable,pending,P1-D5,Weeks 1-2
Architecture documentation finalized,[P1-D6] Deliverable for Phase 1: Foundation & Setup,Phase 1: Foundation & Setup,deliverable,done,P1-D6,Weeks 1-2
"As a developer, I need a standardized monorepo structure to organize code efficiently","[P1-US1] Acceptance Criteria: All directories created with README files

Phase: Phase 1: Foundation & Setup",Phase 1: Foundation & Setup,user_story,pending,P1-US1,Weeks 1-2
"As a developer, I need comprehensive setup documentation to quickly onboard","[P1-US2] Acceptance Criteria: Setup guide with step-by-step instructions

Phase: Phase 1: Foundation & Setup",Phase 1: Foundation & Setup,user_story,pending,P1-US2,Weeks 1-2
"As a team, we need automated CI/CD to ensure code quality","[P1-US3] Acceptance Criteria: GitHub Actions workflow for build, test, and deploy

Phase: Phase 1: Foundation & Setup",Phase 1: Foundation & Setup,user_story,pending,P1-US3,Weeks 1-2
Phase 2: Core Infrastructure,"Implement Firebase/GCP infrastructure, set up multi-tier data storage, implement Pub/Sub event bus, set up monitoring stack

Timeline: Weeks 3-4",Phase 2: Core Infrastructure,phase,pending,P2,Weeks 3-4
Firebase project configuration,[P2-D1] Deliverable for Phase 2: Core Infrastructure,Phase 2: Core Infrastructure,deliverable,pending,P2-D1,Weeks 3-4
Firestore database created,[P2-D2] Deliverable for Phase 2: Core Infrastructure,Phase 2: Core Infrastructure,deliverable,pending,P2-D2,Weeks 3-4
Cloud SQL PostgreSQL instance,[P2-D3] Deliverable for Phase 2: Core Infrastructure,Phase 2: Core Infrastructure,deliverable,pending,P2-D3,Weeks 3-4
Cloud Storage buckets with lifecycle policies,[P2-D4] Deliverable for Phase 2: Core Infrastructure,Phase 2: Core Infrastructure,deliverable,pending,P2-D4,Weeks 3-4
BigQuery dataset,[P2-D5] Deliverable for Phase 2: Core Infrastructure,Phase 2: Core Infrastructure,deliverable,pending,P2-D5,Weeks 3-4
Memorystore Redis cluster,[P2-D6] Deliverable for Phase 2: Core Infrastructure,Phase 2: Core Infrastructure,deliverable,pending,P2-D6,Weeks 3-4
Pub/Sub topics and subscriptions,[P2-D7] Deliverable for Phase 2: Core Infrastructure,Phase 2: Core Infrastructure,deliverable,pending,P2-D7,Weeks 3-4
Cloud Monitoring dashboards,[P2-D8] Deliverable for Phase 2: Core Infrastructure,Phase 2: Core Infrastructure,deliverable,pending,P2-D8,Weeks 3-4
Cloud Trace enabled,[P2-D9] Deliverable for Phase 2: Core Infrastructure,Phase 2: Core Infrastructure,deliverable,pending,P2-D9,Weeks 3-4
"As a developer, I need Firebase infrastructure to deploy serverless functions","[P2-US1] Acceptance Criteria: Firebase project created and configured

Phase: Phase 2: Core Infrastructure",Phase 2: Core Infrastructure,user_story,pending,P2-US1,Weeks 3-4
"As a system, I need multi-tier storage for different data access patterns","[P2-US2] Acceptance Criteria: Firestore, Cloud SQL, and BigQuery operational

Phase: Phase 2: Core Infrastructure",Phase 2: Core Infrastructure,user_story,pending,P2-US2,Weeks 3-4
"As an operations team, I need monitoring and logging to track system health","[P2-US3] Acceptance Criteria: Cloud Monitoring dashboards showing key metrics

Phase: Phase 2: Core Infrastructure",Phase 2: Core Infrastructure,user_story,pending,P2-US3,Weeks 3-4
Phase 3: Data Pipeline Implementation,"Implement scheduled data ingestion, create ETL workflows, set up data quality monitoring, implement caching layer

Timeline: Weeks 5-7",Phase 3: Data Pipeline Implementation,phase,pending,P3,Weeks 5-7
Price data pipeline (every 1 minute),[P3-D1] Deliverable for Phase 3: Data Pipeline Implementation,Phase 3: Data Pipeline Implementation,deliverable,pending,P3-D1,Weeks 5-7
Company info pipeline (daily),[P3-D2] Deliverable for Phase 3: Data Pipeline Implementation,Phase 3: Data Pipeline Implementation,deliverable,pending,P3-D2,Weeks 5-7
Financial reports pipeline (daily),[P3-D3] Deliverable for Phase 3: Data Pipeline Implementation,Phase 3: Data Pipeline Implementation,deliverable,pending,P3-D3,Weeks 5-7
News ingestion pipeline (every 15 min),[P3-D4] Deliverable for Phase 3: Data Pipeline Implementation,Phase 3: Data Pipeline Implementation,deliverable,pending,P3-D4,Weeks 5-7
Sentiment analysis pipeline (hourly),[P3-D5] Deliverable for Phase 3: Data Pipeline Implementation,Phase 3: Data Pipeline Implementation,deliverable,pending,P3-D5,Weeks 5-7
Cloud Composer (Airflow) workflows,[P3-D6] Deliverable for Phase 3: Data Pipeline Implementation,Phase 3: Data Pipeline Implementation,deliverable,pending,P3-D6,Weeks 5-7
Cloud Scheduler rules,[P3-D7] Deliverable for Phase 3: Data Pipeline Implementation,Phase 3: Data Pipeline Implementation,deliverable,pending,P3-D7,Weeks 5-7
Data quality checks,[P3-D8] Deliverable for Phase 3: Data Pipeline Implementation,Phase 3: Data Pipeline Implementation,deliverable,pending,P3-D8,Weeks 5-7
Pipeline monitoring dashboards,[P3-D9] Deliverable for Phase 3: Data Pipeline Implementation,Phase 3: Data Pipeline Implementation,deliverable,pending,P3-D9,Weeks 5-7
"As a user, I need real-time stock prices to make informed decisions","[P3-US1] Acceptance Criteria: Price data updates every minute during market hours

Phase: Phase 3: Data Pipeline Implementation",Phase 3: Data Pipeline Implementation,user_story,pending,P3-US1,Weeks 5-7
"As a system, I need financial statements to analyze company fundamentals","[P3-US2] Acceptance Criteria: Daily updates of income statements, balance sheets, cash flow

Phase: Phase 3: Data Pipeline Implementation",Phase 3: Data Pipeline Implementation,user_story,pending,P3-US2,Weeks 5-7
"As a user, I need recent news to understand market sentiment","[P3-US3] Acceptance Criteria: News articles fetched every 15 minutes

Phase: Phase 3: Data Pipeline Implementation",Phase 3: Data Pipeline Implementation,user_story,pending,P3-US3,Weeks 5-7
"As an operations team, I need data quality monitoring to ensure accuracy","[P3-US4] Acceptance Criteria: Automated data validation with alerts for anomalies

Phase: Phase 3: Data Pipeline Implementation",Phase 3: Data Pipeline Implementation,user_story,pending,P3-US4,Weeks 5-7
Phase 4: Microservices Development,"Implement all 6 core microservices, set up inter-service communication, implement event handlers, create API endpoints

Timeline: Weeks 8-11",Phase 4: Microservices Development,phase,pending,P4,Weeks 8-11
User Service - Authentication/authorization,[P4-D1] Deliverable for Phase 4: Microservices Development,Phase 4: Microservices Development,service,pending,P4-D1,Weeks 8-11
User Service - Profile management,[P4-D2] Deliverable for Phase 4: Microservices Development,Phase 4: Microservices Development,service,pending,P4-D2,Weeks 8-11
User Service - Preferences,[P4-D3] Deliverable for Phase 4: Microservices Development,Phase 4: Microservices Development,service,pending,P4-D3,Weeks 8-11
Notification Service - WebSocket infrastructure,[P4-D4] Deliverable for Phase 4: Microservices Development,Phase 4: Microservices Development,service,pending,P4-D4,Weeks 8-11
Notification Service - Email/SMS integration,[P4-D5] Deliverable for Phase 4: Microservices Development,Phase 4: Microservices Development,service,pending,P4-D5,Weeks 8-11
Notification Service - Event subscriptions,[P4-D6] Deliverable for Phase 4: Microservices Development,Phase 4: Microservices Development,service,pending,P4-D6,Weeks 8-11
Data Service - Stock data APIs,[P4-D7] Deliverable for Phase 4: Microservices Development,Phase 4: Microservices Development,service,pending,P4-D7,Weeks 8-11
Data Service - Cache integration,[P4-D8] Deliverable for Phase 4: Microservices Development,Phase 4: Microservices Development,service,pending,P4-D8,Weeks 8-11
Data Service - Search functionality,[P4-D9] Deliverable for Phase 4: Microservices Development,Phase 4: Microservices Development,service,pending,P4-D9,Weeks 8-11
Analytics Service - Trend analysis,[P4-D10] Deliverable for Phase 4: Microservices Development,Phase 4: Microservices Development,service,pending,P4-D10,Weeks 8-11
Analytics Service - Pattern recognition,[P4-D11] Deliverable for Phase 4: Microservices Development,Phase 4: Microservices Development,service,pending,P4-D11,Weeks 8-11
Analytics Service - Basic predictions,[P4-D12] Deliverable for Phase 4: Microservices Development,Phase 4: Microservices Development,service,pending,P4-D12,Weeks 8-11
Debate Service - Debate lifecycle management,[P4-D13] Deliverable for Phase 4: Microservices Development,Phase 4: Microservices Development,service,pending,P4-D13,Weeks 8-11
Debate Service - Status tracking,[P4-D14] Deliverable for Phase 4: Microservices Development,Phase 4: Microservices Development,service,pending,P4-D14,Weeks 8-11
Debate Service - Result storage,[P4-D15] Deliverable for Phase 4: Microservices Development,Phase 4: Microservices Development,service,pending,P4-D15,Weeks 8-11
AI Service - Multi-agent coordination,[P4-D16] Deliverable for Phase 4: Microservices Development,Phase 4: Microservices Development,service,pending,P4-D16,Weeks 8-11
AI Service - Model routing,[P4-D17] Deliverable for Phase 4: Microservices Development,Phase 4: Microservices Development,service,pending,P4-D17,Weeks 8-11
AI Service - Streaming support,[P4-D18] Deliverable for Phase 4: Microservices Development,Phase 4: Microservices Development,service,pending,P4-D18,Weeks 8-11
"As a user, I need to authenticate securely to access the platform","[P4-US1] Acceptance Criteria: Firebase Authentication with email/password and Google OAuth

Phase: Phase 4: Microservices Development",Phase 4: Microservices Development,user_story,pending,P4-US1,Weeks 8-11
"As a user, I want to manage my profile and preferences","[P4-US2] Acceptance Criteria: Profile API with CRUD operations

Phase: Phase 4: Microservices Development",Phase 4: Microservices Development,user_story,pending,P4-US2,Weeks 8-11
"As a user, I want real-time notifications about my debates","[P4-US3] Acceptance Criteria: WebSocket notifications for debate status updates

Phase: Phase 4: Microservices Development",Phase 4: Microservices Development,user_story,pending,P4-US3,Weeks 8-11
"As a user, I need access to stock data and financial information","[P4-US4] Acceptance Criteria: REST API endpoints for stock prices, fundamentals, news

Phase: Phase 4: Microservices Development",Phase 4: Microservices Development,user_story,pending,P4-US4,Weeks 8-11
"As a user, I want to see analytics and trends for stocks","[P4-US5] Acceptance Criteria: Analytics API with trend analysis and predictions

Phase: Phase 4: Microservices Development",Phase 4: Microservices Development,user_story,pending,P4-US5,Weeks 8-11
"As a user, I want to create and manage stock debates","[P4-US6] Acceptance Criteria: Debate API with create, read, update, delete operations

Phase: Phase 4: Microservices Development",Phase 4: Microservices Development,user_story,pending,P4-US6,Weeks 8-11
"As a user, I want AI-powered debate analysis","[P4-US7] Acceptance Criteria: AI Service generates multi-perspective debate arguments

Phase: Phase 4: Microservices Development",Phase 4: Microservices Development,user_story,pending,P4-US7,Weeks 8-11
Phase 5: AI Orchestration Enhancement,"Implement multi-model support, create intelligent routing logic, enhance agent capabilities, implement conversation memory

Timeline: Weeks 12-14",Phase 5: AI Orchestration Enhancement,phase,pending,P5,Weeks 12-14
Model router implementation,[P5-D1] Deliverable for Phase 5: AI Orchestration Enhancement,Phase 5: AI Orchestration Enhancement,feature,pending,P5-D1,Weeks 12-14
Gemini Pro integration (Google ADK),[P5-D2] Deliverable for Phase 5: AI Orchestration Enhancement,Phase 5: AI Orchestration Enhancement,feature,pending,P5-D2,Weeks 12-14
Gemini Flash integration,[P5-D3] Deliverable for Phase 5: AI Orchestration Enhancement,Phase 5: AI Orchestration Enhancement,feature,pending,P5-D3,Weeks 12-14
OpenAI fallback integration,[P5-D4] Deliverable for Phase 5: AI Orchestration Enhancement,Phase 5: AI Orchestration Enhancement,feature,pending,P5-D4,Weeks 12-14
Agent framework refactor,[P5-D5] Deliverable for Phase 5: AI Orchestration Enhancement,Phase 5: AI Orchestration Enhancement,feature,pending,P5-D5,Weeks 12-14
Tool registry,[P5-D6] Deliverable for Phase 5: AI Orchestration Enhancement,Phase 5: AI Orchestration Enhancement,feature,pending,P5-D6,Weeks 12-14
Context management,[P5-D7] Deliverable for Phase 5: AI Orchestration Enhancement,Phase 5: AI Orchestration Enhancement,feature,pending,P5-D7,Weeks 12-14
Short-term memory (Redis),[P5-D8] Deliverable for Phase 5: AI Orchestration Enhancement,Phase 5: AI Orchestration Enhancement,feature,pending,P5-D8,Weeks 12-14
Long-term memory (Firestore),[P5-D9] Deliverable for Phase 5: AI Orchestration Enhancement,Phase 5: AI Orchestration Enhancement,feature,pending,P5-D9,Weeks 12-14
Streaming response handler,[P5-D10] Deliverable for Phase 5: AI Orchestration Enhancement,Phase 5: AI Orchestration Enhancement,feature,pending,P5-D10,Weeks 12-14
"As a system, I need intelligent model routing to optimize cost and quality","[P5-US1] Acceptance Criteria: Router selects appropriate model based on task complexity

Phase: Phase 5: AI Orchestration Enhancement",Phase 5: AI Orchestration Enhancement,user_story,pending,P5-US1,Weeks 12-14
"As a user, I want high-quality AI responses using best available models","[P5-US2] Acceptance Criteria: Gemini Pro for complex analysis, Flash for simple queries

Phase: Phase 5: AI Orchestration Enhancement",Phase 5: AI Orchestration Enhancement,user_story,pending,P5-US2,Weeks 12-14
"As a system, I need fallback models for reliability","[P5-US3] Acceptance Criteria: OpenAI models used when Gemini unavailable

Phase: Phase 5: AI Orchestration Enhancement",Phase 5: AI Orchestration Enhancement,user_story,pending,P5-US3,Weeks 12-14
"As a user, I want AI to remember context from previous conversations","[P5-US4] Acceptance Criteria: Conversation history maintained across sessions

Phase: Phase 5: AI Orchestration Enhancement",Phase 5: AI Orchestration Enhancement,user_story,pending,P5-US4,Weeks 12-14
"As a user, I want to see AI responses in real-time","[P5-US5] Acceptance Criteria: Streaming responses for better UX

Phase: Phase 5: AI Orchestration Enhancement",Phase 5: AI Orchestration Enhancement,user_story,pending,P5-US5,Weeks 12-14
Phase 6: Frontend Development,"Rebuild frontend with modern stack, implement real-time features, create advanced visualizations, implement PWA features

Timeline: Weeks 15-17",Phase 6: Frontend Development,phase,pending,P6,Weeks 15-17
React 18+ migration,[P6-D1] Deliverable for Phase 6: Frontend Development,Phase 6: Frontend Development,feature,pending,P6-D1,Weeks 15-17
TanStack Query integration,[P6-D2] Deliverable for Phase 6: Frontend Development,Phase 6: Frontend Development,feature,pending,P6-D2,Weeks 15-17
Zustand state management,[P6-D3] Deliverable for Phase 6: Frontend Development,Phase 6: Frontend Development,feature,pending,P6-D3,Weeks 15-17
Material Design 3 component library,[P6-D4] Deliverable for Phase 6: Frontend Development,Phase 6: Frontend Development,feature,pending,P6-D4,Weeks 15-17
Font Awesome 7 icons,[P6-D5] Deliverable for Phase 6: Frontend Development,Phase 6: Frontend Development,feature,pending,P6-D5,Weeks 15-17
WebSocket client implementation,[P6-D6] Deliverable for Phase 6: Frontend Development,Phase 6: Frontend Development,feature,pending,P6-D6,Weeks 15-17
Real-time debate updates,[P6-D7] Deliverable for Phase 6: Frontend Development,Phase 6: Frontend Development,feature,pending,P6-D7,Weeks 15-17
Advanced charting (Recharts),[P6-D8] Deliverable for Phase 6: Frontend Development,Phase 6: Frontend Development,feature,pending,P6-D8,Weeks 15-17
Analytics dashboard,[P6-D9] Deliverable for Phase 6: Frontend Development,Phase 6: Frontend Development,feature,pending,P6-D9,Weeks 15-17
Responsive design,[P6-D10] Deliverable for Phase 6: Frontend Development,Phase 6: Frontend Development,feature,pending,P6-D10,Weeks 15-17
PWA manifest and service workers,[P6-D11] Deliverable for Phase 6: Frontend Development,Phase 6: Frontend Development,feature,pending,P6-D11,Weeks 15-17
Storybook component documentation,[P6-D12] Deliverable for Phase 6: Frontend Development,Phase 6: Frontend Development,feature,pending,P6-D12,Weeks 15-17
"As a user, I want a modern, intuitive UI","[P6-US1] Acceptance Criteria: Material Design 3 components with consistent styling

Phase: Phase 6: Frontend Development",Phase 6: Frontend Development,user_story,pending,P6-US1,Weeks 15-17
"As a user, I want to see real-time debate updates without refreshing","[P6-US2] Acceptance Criteria: WebSocket integration with live status updates

Phase: Phase 6: Frontend Development",Phase 6: Frontend Development,user_story,pending,P6-US2,Weeks 15-17
"As a user, I want interactive charts to visualize stock data","[P6-US3] Acceptance Criteria: Recharts integration with price history, trends

Phase: Phase 6: Frontend Development",Phase 6: Frontend Development,user_story,pending,P6-US3,Weeks 15-17
"As a mobile user, I want the app to work on my phone","[P6-US4] Acceptance Criteria: Responsive design for mobile, tablet, desktop

Phase: Phase 6: Frontend Development",Phase 6: Frontend Development,user_story,pending,P6-US4,Weeks 15-17
"As a user, I want to install the app on my device","[P6-US5] Acceptance Criteria: PWA with offline support

Phase: Phase 6: Frontend Development",Phase 6: Frontend Development,user_story,pending,P6-US5,Weeks 15-17
"As a developer, I need component documentation","[P6-US6] Acceptance Criteria: Storybook with all components documented

Phase: Phase 6: Frontend Development",Phase 6: Frontend Development,user_story,pending,P6-US6,Weeks 15-17
Phase 7: Integration & Testing,"End-to-end integration testing, performance testing, security testing, load testing

Timeline: Weeks 18-20",Phase 7: Integration & Testing,phase,pending,P7,Weeks 18-20
Integration test suite,[P7-D1] Deliverable for Phase 7: Integration & Testing,Phase 7: Integration & Testing,testing,pending,P7-D1,Weeks 18-20
API contract tests,[P7-D2] Deliverable for Phase 7: Integration & Testing,Phase 7: Integration & Testing,testing,pending,P7-D2,Weeks 18-20
End-to-end tests (Playwright),[P7-D3] Deliverable for Phase 7: Integration & Testing,Phase 7: Integration & Testing,testing,pending,P7-D3,Weeks 18-20
Performance benchmarks,[P7-D4] Deliverable for Phase 7: Integration & Testing,Phase 7: Integration & Testing,testing,pending,P7-D4,Weeks 18-20
Load test results (k6/Locust),[P7-D5] Deliverable for Phase 7: Integration & Testing,Phase 7: Integration & Testing,testing,pending,P7-D5,Weeks 18-20
"Security scan reports (CodeQL, Snyk)",[P7-D6] Deliverable for Phase 7: Integration & Testing,Phase 7: Integration & Testing,testing,pending,P7-D6,Weeks 18-20
Penetration test findings,[P7-D7] Deliverable for Phase 7: Integration & Testing,Phase 7: Integration & Testing,testing,pending,P7-D7,Weeks 18-20
Bug fixes and optimizations,[P7-D8] Deliverable for Phase 7: Integration & Testing,Phase 7: Integration & Testing,testing,pending,P7-D8,Weeks 18-20
"As a QA engineer, I need comprehensive test coverage","[P7-US1] Acceptance Criteria: 80%+ code coverage with unit and integration tests

Phase: Phase 7: Integration & Testing",Phase 7: Integration & Testing,user_story,pending,P7-US1,Weeks 18-20
"As a user, I expect the system to be fast and responsive","[P7-US2] Acceptance Criteria: p95 latency < 200ms for API calls

Phase: Phase 7: Integration & Testing",Phase 7: Integration & Testing,user_story,pending,P7-US2,Weeks 18-20
"As a user, I need a secure platform","[P7-US3] Acceptance Criteria: Zero critical security vulnerabilities

Phase: Phase 7: Integration & Testing",Phase 7: Integration & Testing,user_story,pending,P7-US3,Weeks 18-20
"As a system, I need to handle high load","[P7-US4] Acceptance Criteria: Support 100 concurrent users without degradation

Phase: Phase 7: Integration & Testing",Phase 7: Integration & Testing,user_story,pending,P7-US4,Weeks 18-20
Phase 8: Deployment & Launch,"Production deployment, data migration from v7, launch preparation, post-launch monitoring

Timeline: Weeks 21-22",Phase 8: Deployment & Launch,phase,pending,P8,Weeks 21-22
Production infrastructure deployed,[P8-D1] Deliverable for Phase 8: Deployment & Launch,Phase 8: Deployment & Launch,deployment,pending,P8-D1,Weeks 21-22
Data migration completed,[P8-D2] Deliverable for Phase 8: Deployment & Launch,Phase 8: Deployment & Launch,deployment,pending,P8-D2,Weeks 21-22
Smoke tests passed,[P8-D3] Deliverable for Phase 8: Deployment & Launch,Phase 8: Deployment & Launch,deployment,pending,P8-D3,Weeks 21-22
Monitoring dashboards live,[P8-D4] Deliverable for Phase 8: Deployment & Launch,Phase 8: Deployment & Launch,deployment,pending,P8-D4,Weeks 21-22
Alerts configured,[P8-D5] Deliverable for Phase 8: Deployment & Launch,Phase 8: Deployment & Launch,deployment,pending,P8-D5,Weeks 21-22
Documentation finalized,[P8-D6] Deliverable for Phase 8: Deployment & Launch,Phase 8: Deployment & Launch,deployment,pending,P8-D6,Weeks 21-22
User training materials,[P8-D7] Deliverable for Phase 8: Deployment & Launch,Phase 8: Deployment & Launch,deployment,pending,P8-D7,Weeks 21-22
Launch announcement,[P8-D8] Deliverable for Phase 8: Deployment & Launch,Phase 8: Deployment & Launch,deployment,pending,P8-D8,Weeks 21-22
Post-launch support plan,[P8-D9] Deliverable for Phase 8: Deployment & Launch,Phase 8: Deployment & Launch,deployment,pending,P8-D9,Weeks 21-22
"As an operations team, I need a smooth production deployment","[P8-US1] Acceptance Criteria: Zero-downtime deployment with rollback plan

Phase: Phase 8: Deployment & Launch",Phase 8: Deployment & Launch,user_story,pending,P8-US1,Weeks 21-22
"As a user, I need my data migrated from v7","[P8-US2] Acceptance Criteria: All user data and debates migrated successfully

Phase: Phase 8: Deployment & Launch",Phase 8: Deployment & Launch,user_story,pending,P8-US2,Weeks 21-22
"As a new user, I need documentation to get started","[P8-US3] Acceptance Criteria: User guide and API documentation available

Phase: Phase 8: Deployment & Launch",Phase 8: Deployment & Launch,user_story,pending,P8-US3,Weeks 21-22
"As an operations team, I need monitoring for production","[P8-US4] Acceptance Criteria: Real-time dashboards and alerting configured

Phase: Phase 8: Deployment & Launch",Phase 8: Deployment & Launch,user_story,pending,P8-US4,Weeks 21-22
Phase 9: Optimization & Stabilization,"Monitor production performance, fix production issues, optimize costs, gather user feedback

Timeline: Weeks 23-24",Phase 9: Optimization & Stabilization,phase,pending,P9,Weeks 23-24
Production issues resolved,[P9-D1] Deliverable for Phase 9: Optimization & Stabilization,Phase 9: Optimization & Stabilization,optimization,pending,P9-D1,Weeks 23-24
Performance optimization report,[P9-D2] Deliverable for Phase 9: Optimization & Stabilization,Phase 9: Optimization & Stabilization,optimization,pending,P9-D2,Weeks 23-24
Cost optimization recommendations,[P9-D3] Deliverable for Phase 9: Optimization & Stabilization,Phase 9: Optimization & Stabilization,optimization,pending,P9-D3,Weeks 23-24
User feedback collected,[P9-D4] Deliverable for Phase 9: Optimization & Stabilization,Phase 9: Optimization & Stabilization,optimization,pending,P9-D4,Weeks 23-24
Next iteration planning,[P9-D5] Deliverable for Phase 9: Optimization & Stabilization,Phase 9: Optimization & Stabilization,optimization,pending,P9-D5,Weeks 23-24
"As an operations team, I need to monitor production health","[P9-US1] Acceptance Criteria: 24/7 monitoring with on-call rotation

Phase: Phase 9: Optimization & Stabilization",Phase 9: Optimization & Stabilization,user_story,pending,P9-US1,Weeks 23-24
"As a business, I need to optimize costs","[P9-US2] Acceptance Criteria: Cost analysis and optimization recommendations

Phase: Phase 9: Optimization & Stabilization",Phase 9: Optimization & Stabilization,user_story,pending,P9-US2,Weeks 23-24
"As a product team, I need user feedback","[P9-US3] Acceptance Criteria: User survey and feedback collection system

Phase: Phase 9: Optimization & Stabilization",Phase 9: Optimization & Stabilization,user_story,pending,P9-US3,Weeks 23-24
"As a team, I need to plan next iteration","[P9-US4] Acceptance Criteria: Roadmap for v8.1 with prioritized features

Phase: Phase 9: Optimization & Stabilization",Phase 9: Optimization & Stabilization,user_story,pending,P9-US4,Weeks 23-24
